userId,itemId,actual_rating,mf_predicted_rating
11,1,4.0,0.001957166676976907
11,2,0.0,0.006134919350319347
11,3,5.0,0.00551451553797401
12,1,4.0,-0.0020891154356923814
12,2,2.0,-0.0023855110089127884
12,3,5.0,0.0021032037405165024
13,1,0.0,0.0006978432451081823
13,2,1.0,0.003917405517796627
13,3,3.0,0.00036978146731552364
