userId,itemId,actual_rating,predicted_rating
11,1,4.0,3.812244335204627
11,2,,1.894196094355594
11,3,5.0,5.110928674132126
12,1,4.0,3.8265444870454424
12,2,2.0,1.9325569216103575
12,3,5.0,5.136217742560782
13,1,1.0,1.7382285370215307
13,2,,0.8979567827695399
13,3,3.0,2.4741453319749906
