userId,itemId,actual_rating,mf_predicted_rating
11,1,4.0,4.002890905734849
11,2,,1.882885091895145
11,3,5.0,5.015113345147664
11,4,2.0,1.93552040216536
12,1,4.0,3.9859977103849005
12,2,2.0,1.9150413854032513
12,3,5.0,5.024541833210123
12,4,,1.9035978208732645
13,1,,2.2576715538844256
13,2,1.0,1.1172364156765768
13,3,3.0,2.930236512086065
13,4,,1.0866804358222475
