userId,itemId,actual_rating,mf_predicted_rating
11,1,4.0,0.0019855595374029924
11,2,0.0,0.006132576062610311
11,3,5.0,0.0055149860436442075
11,4,2.0,-0.002688908275769108
12,1,4.0,-0.0020886035589763366
12,2,2.0,-0.0023848872193100866
12,3,5.0,0.0021026961790611746
12,4,0.0,6.697925281882353e-06
13,1,0.0,0.0006976613269779215
13,2,1.0,0.00391644239733827
13,3,3.0,0.00036969084834876173
13,4,0.0,-0.00023061683113912075
