userId,itemId,actual_rating,ffnn_predicted_rating
11,1,4.0,1.7744439
11,2,4.0,1.4265515
11,3,5.0,1.7112797
12,1,4.0,1.6671408
12,2,2.0,1.3207823
12,3,5.0,1.6045779
13,1,0.0,1.393838
13,2,1.0,1.0510226
13,3,3.0,1.3359257
