userId,itemId,actual_rating,ffnn_predicted_rating
11,1,4.0,0.98879087
11,2,4.0,0.68963933
11,3,5.0,0.59118754
11,4,0.0,0.55385756
12,1,4.0,0.96954316
12,2,2.0,0.6719062
12,3,5.0,0.57255137
12,4,0.0,0.535001
13,1,1.0,0.96138644
13,2,1.0,0.6617978
13,3,3.0,0.5647972
13,4,0.0,0.5275439
