userId,itemId,actual_rating,predicted_rating
11,1,4.0,3.949794497437312
11,2,5.0,4.410978832067093
11,3,5.0,5.453741435787542
12,1,4.0,3.4883067001268833
12,2,2.0,3.0391647069458623
12,3,5.0,4.5694493277860175
13,1,1.0,1.8691248909601577
13,2,3.0,2.466809313984563
13,3,3.0,2.795494133923236
